{"cameraMode":{"drawMode":0,"name":"Shaded","section":"Shading Mode"},"sceneLighting":true,"audioPlay":false,"sceneViewState":{"m_AlwaysRefresh":false,"showFog":true,"showSkybox":false,"showFlares":true,"showImageEffects":true,"showParticleSystems":true,"showVisualEffectGraphs":true,"m_FxEnabled":true},"in2DMode":false,"pivot":{"x":278.83843994140627,"y":-18.07280731201172,"z":98.54972839355469},"rotation":{"x":-0.7254396080970764,"y":-0.011992504820227623,"z":0.012632173486053944,"w":-0.6880941390991211},"size":42.15839767456055,"orthographic":false}