{"cameraMode":{"drawMode":0,"name":"Shaded","section":"Shading Mode"},"sceneLighting":true,"audioPlay":false,"sceneViewState":{"m_AlwaysRefresh":false,"showFog":true,"showSkybox":false,"showFlares":true,"showImageEffects":true,"showParticleSystems":true,"showVisualEffectGraphs":true,"m_FxEnabled":true},"in2DMode":false,"pivot":{"x":585.6110229492188,"y":-1.8018417358398438,"z":106.60852813720703},"rotation":{"x":-0.7181551456451416,"y":-0.013168729841709137,"z":0.013581975363194943,"w":-0.6956541538238525},"size":32.66770553588867,"orthographic":false}