{"cameraMode":{"drawMode":0,"name":"Shaded","section":"Shading Mode"},"sceneLighting":true,"audioPlay":false,"sceneViewState":{"m_AlwaysRefresh":false,"showFog":true,"showSkybox":false,"showFlares":true,"showImageEffects":true,"showParticleSystems":true,"showVisualEffectGraphs":true,"m_FxEnabled":true},"in2DMode":false,"pivot":{"x":395.97052001953127,"y":-0.7721099853515625,"z":99.65538787841797},"rotation":{"x":-0.7182779908180237,"y":-0.002732824767008424,"z":0.0028086204547435047,"w":-0.6957735419273377},"size":35.40937423706055,"orthographic":false}