{"cameraMode":{"drawMode":0,"name":"Shaded","section":"Shading Mode"},"sceneLighting":false,"audioPlay":false,"sceneViewState":{"m_AlwaysRefresh":false,"showFog":true,"showSkybox":false,"showFlares":true,"showImageEffects":true,"showParticleSystems":true,"showVisualEffectGraphs":true,"m_FxEnabled":true},"in2DMode":false,"pivot":{"x":-31.39472198486328,"y":3.27811336517334,"z":33.23872375488281},"rotation":{"x":0.03914649784564972,"y":-0.08979927748441696,"z":0.0035108563024550678,"w":0.9952102899551392},"size":11.567721366882325,"orthographic":false}