{"cameraMode":{"drawMode":0,"name":"Shaded","section":"Shading Mode"},"sceneLighting":true,"audioPlay":false,"sceneViewState":{"m_AlwaysRefresh":false,"showFog":true,"showSkybox":false,"showFlares":true,"showImageEffects":true,"showParticleSystems":true,"showVisualEffectGraphs":true,"m_FxEnabled":true},"in2DMode":false,"pivot":{"x":465.9956970214844,"y":-0.7337391376495361,"z":102.47627258300781},"rotation":{"x":-0.7130433917045593,"y":0.001453000702895224,"z":-0.0014903683913871647,"w":-0.7011446952819824},"size":32.17207717895508,"orthographic":false}