{"cameraMode":{"drawMode":0,"name":"Shaded","section":"Shading Mode"},"sceneLighting":false,"audioPlay":false,"sceneViewState":{"m_AlwaysRefresh":false,"showFog":true,"showSkybox":false,"showFlares":true,"showImageEffects":true,"showParticleSystems":true,"showVisualEffectGraphs":true,"m_FxEnabled":true},"in2DMode":false,"pivot":{"x":0.284578800201416,"y":-0.10458111763000488,"z":0.008238792419433594},"rotation":{"x":-0.22249926626682282,"y":-0.7072673439979553,"z":0.25321659445762637,"w":-0.6214280724525452},"size":4.410891056060791,"orthographic":false}